t;Extract;Rt;A_405;A_450;A_492;A_630
5;E1;10;0,178;0,179;0,182;0,188
5;E1;20;0,217;0,215;0,217;0,222
5;E1;30;0,277;0,264;0,27;0,279
5;E1;40;0,327;0,352;0,345;0,348
5;E1;50;0,355;0,367;0,366;0,366
5;E1;60;0,452;0,484;0,484;0,486
5;E1;70;0,48;0,489;0,492;0,498
5;E1;80;0,55;0,564;0,566;0,568
5;E1;90;0,6;0,614;0,62;0,625
5;E1;100;0,65;0,671;0,676;0,681
5;E2;10;0,437;0,442;0,442;0,449
5;E2;20;0,876;0,868;0,864;0,865
5;E2;30;1,271;1,277;1,283;1,277
5;E2;40;1,502;1,498;1,502;1,499
5;E2;50;2,131;2,143;2,14;2,131
5;E2;60;2,273;2,167;2,168;2,168
5;E2;70;2,408;2,256;2,284;2,253
5;E2;80;2,471;2,302;2,324;2,324
5;E2;90;2,466;2,29;2,299;2,302
5;E2;100;2,455;2,356;2,364;2,354
5;E3;10;0,174;0,153;0,155;0,155
5;E3;20;0,219;0,213;0,214;0,213
5;E3;30;0,253;0,261;0,269;0,263
5;E3;40;0,327;0,334;0,328;0,338
5;E3;50;0,439;0,475;0,474;0,474
5;E3;60;0,476;0,484;0,485;0,484
5;E3;70;0,476;0,482;0,483;0,484
5;E3;80;0,542;0,566;0,562;0,563
5;E3;90;0,612;0,621;0,623;0,624
5;E3;100;0,735;0,754;0,752;0,751
5;E4;10;0,262;0,28;0,282;0,288
5;E4;20;0,271;0,302;0,307;0,312
5;E4;30;0,313;0,333;0,342;0,344
5;E4;40;0,31;0,347;0,349;0,364
5;E4;50;0,358;0,391;0,392;0,395
5;E4;60;0,382;0,407;0,409;0,409
5;E4;70;0,44;0,465;0,47;0,467
5;E4;80;0,443;0,469;0,471;0,471
5;E4;90;0,528;0,553;0,555;0,554
5;E4;100;0,592;0,611;0,609;0,608
5;E5;10;0,186;0,168;0,171;0,165
5;E5;20;0,238;0,223;0,21;0,195
5;E5;30;0,238;0,229;0,216;0,219
5;E5;40;0,262;0,27;0,277;0,285
5;E5;50;0,311;0,301;0,298;0,301
5;E5;60;0,332;0,33;0,336;0,336
5;E5;70;0,402;0,42;0,414;0,411
5;E5;80;0,415;0,418;0,422;0,422
5;E5;90;0,438;0,436;0,439;0,441
5;E5;100;0,453;0,454;0,445;0,459
15;E1;10;0,187;0,192;0,191;0,196
15;E1;20;0,219;0,222;0,222;0,228
15;E1;30;0,289;0,29;0,291;0,288
15;E1;40;0,373;0,345;0,357;0,324
15;E1;50;0,371;0,375;0,376;0,382
15;E1;60;0,492;0,496;0,496;0,499
15;E1;70;0,496;0,495;0,495;0,496
15;E1;80;0,571;0,574;0,575;0,574
15;E1;90;0,628;0,634;0,632;0,632
15;E1;100;0,683;0,687;0,687;0,684
15;E2;10;0,442;0,448;0,448;0,45
15;E2;20;0,86;0,859;0,857;0,859
15;E2;30;1,265;1,269;1,27;1,281
15;E2;40;1,497;1,496;1,498;1,498
15;E2;50;2,126;2,13;2,129;2,129
15;E2;60;2,193;2,187;2,172;2,159
15;E2;70;2,311;2,306;2,281;2,272
15;E2;80;2,367;2,355;2,34;2,31
15;E2;90;2,367;2,365;2,344;2,307
15;E2;100;2,456;2,418;2,398;2,349
15;E3;10;0,15;0,156;0,154;0,153
15;E3;20;0,213;0,214;0,215;0,216
15;E3;30;0,256;0,261;0,265;0,278
15;E3;40;0,35;0,333;0,346;0,316
15;E3;50;0,47;0,47;0,474;0,478
15;E3;60;0,484;0,485;0,487;0,486
15;E3;70;0,48;0,479;0,482;0,487
15;E3;80;0,557;0,559;0,562;0,566
15;E3;90;0,618;0,62;0,621;0,624
15;E3;100;0,746;0,747;0,752;0,75
15;E4;10;0,291;0,295;0,297;0,304
15;E4;20;0,306;0,31;0,315;0,338
15;E4;30;0,341;0,344;0,351;0,358
15;E4;40;0,382;0,356;0,379;0,345
15;E4;50;0,397;0,393;0,397;0,401
15;E4;60;0,414;0,416;0,42;0,425
15;E4;70;0,465;0,463;0,465;0,473
15;E4;80;0,468;0,47;0,472;0,477
15;E4;90;0,552;0,556;0,556;0,56
15;E4;100;0,601;0,602;0,605;0,607
15;E5;10;0,169;0,175;0,172;0,166
15;E5;20;0,228;0,209;0,205;0,194
15;E5;30;0,234;0,223;0,223;0,205
15;E5;40;0,302;0,303;0,298;0,306
15;E5;50;0,308;0,308;0,309;0,311
15;E5;60;0,342;0,342;0,347;0,347
15;E5;70;0,409;0,404;0,408;0,415
15;E5;80;0,426;0,425;0,429;0,429
15;E5;90;0,444;0,438;0,446;0,447
15;E5;100;0,464;0,451;0,459;0,456
25;E1;10;0,196;0,202;0,204;0,203
25;E1;20;0,222;0,221;0,225;0,229
25;E1;30;0,296;0,292;0,287;0,292
25;E1;40;0,355;0,326;0,352;0,362
25;E1;50;0,382;0,383;0,384;0,379
25;E1;60;0,489;0,497;0,495;0,491
25;E1;70;0,496;0,495;0,496;0,493
25;E1;80;0,578;0,583;0,584;0,577
25;E1;90;0,637;0,641;0,642;0,636
25;E1;100;0,692;0,69;0,692;0,687
25;E2;10;0,448;0,448;0,452;0,451
25;E2;20;0,852;0,848;0,852;0,848
25;E2;30;1,256;1,25;1,257;1,255
25;E2;40;1,498;1,478;1,486;1,477
25;E2;50;2,106;2,109;2,104;2,101
25;E2;60;2,195;2,134;2,132;2,162
25;E2;70;2,326;2,216;2,25;2,286
25;E2;80;2,386;2,266;2,293;2,337
25;E2;90;2,393;2,236;2,278;2,337
25;E2;100;2,468;2,292;2,334;2,39
25;E3;10;0,158;0,162;0,162;0,16
25;E3;20;0,216;0,216;0,215;0,215
25;E3;30;0,26;0,259;0,267;0,262
25;E3;40;0,349;0,307;0,351;0,354
25;E3;50;0,466;0,475;0,475;0,468
25;E3;60;0,475;0,486;0,484;0,48
25;E3;70;0,48;0,486;0,484;0,485
25;E3;80;0,555;0,565;0,568;0,56
25;E3;90;0,611;0,621;0,622;0,619
25;E3;100;0,738;0,751;0,751;0,745
25;E4;10;0,306;0,315;0,319;0,316
25;E4;20;0,311;0,324;0,327;0,328
25;E4;30;0,353;0,355;0,361;0,355
25;E4;40;0,395;0,346;0,393;0,386
25;E4;50;0,396;0,408;0,408;0,404
25;E4;60;0,422;0,437;0,438;0,432
25;E4;70;0,459;0,471;0,469;0,466
25;E4;80;0,472;0,485;0,487;0,478
25;E4;90;0,553;0,568;0,564;0,562
25;E4;100;0,593;0,606;0,607;0,6
25;E5;10;0,17;0,179;0,174;0,17
25;E5;20;0,24;0,219;0,211;0,198
25;E5;30;0,245;0,221;0,224;0,219
25;E5;40;0,335;0,302;0,327;0,341
25;E5;50;0,319;0,313;0,321;0,317
25;E5;60;0,34;0,346;0,347;0,348
25;E5;70;0,407;0,415;0,414;0,414
25;E5;80;0,432;0,428;0,443;0,436
25;E5;90;0,453;0,448;0,454;0,458
25;E5;100;0,472;0,462;0,464;0,462
35;E1;10;0,213;0,214;0,224;0,217
35;E1;20;0,225;0,228;0,246;0,235
35;E1;30;0,298;0,306;0,327;0,31
35;E1;40;0,346;0,355;0,338;0,369
35;E1;50;0,398;0,384;0,387;0,39
35;E1;60;0,488;0,489;0,476;0,485
35;E1;70;0,498;0,497;0,502;0,492
35;E1;80;0,584;0,583;0,582;0,582
35;E1;90;0,632;0,631;0,635;0,638
35;E1;100;0,698;0,696;0,695;0,676
35;E2;10;0,456;0,454;0,454;0,455
35;E2;20;0,843;0,841;0,863;0,838
35;E2;30;1,237;1,239;1,24;1,237
35;E2;40;1,478;1,478;1,472;1,477
35;E2;50;2,071;2,073;2,047;2,073
35;E2;60;2,166;2,165;2,247;2,158
35;E2;70;2,29;2,287;2,404;2,258
35;E2;80;2,344;2,341;2,475;2,338
35;E2;90;2,344;2,338;2,513;2,322
35;E2;100;2,402;2,407;2,549;2,396
35;E3;10;0,167;0,168;0,184;0,172
35;E3;20;0,217;0,217;0,239;0,221
35;E3;30;0,265;0,261;0,265;0,264
35;E3;40;0,359;0,365;0,345;0,365
35;E3;50;0,464;0,463;0,436;0,469
35;E3;60;0,478;0,479;0,481;0,481
35;E3;70;0,486;0,487;0,487;0,486
35;E3;80;0,558;0,559;0,543;0,561
35;E3;90;0,621;0,622;0,626;0,623
35;E3;100;0,735;0,734;0,72;0,738
35;E4;10;0,341;0,342;0,335;0,348
35;E4;20;0,321;0,323;0,31;0,323
35;E4;30;0,371;0,369;0,363;0,373
35;E4;40;0,391;0,397;0,365;0,419
35;E4;50;0,406;0,403;0,383;0,412
35;E4;60;0,438;0,439;0,417;0,439
35;E4;70;0,464;0,461;0,444;0,465
35;E4;80;0,489;0,49;0,47;0,493
35;E4;90;0,565;0,564;0,55;0,568
35;E4;100;0,599;0,596;0,584;0,598
35;E5;10;0,18;0,181;0,205;0,19
35;E5;20;0,219;0,236;0,285;0,243
35;E5;30;0,237;0,228;0,269;0,245
35;E5;40;0,384;0,383;0,357;0,38
35;E5;50;0,324;0,322;0,342;0,328
35;E5;60;0,355;0,351;0,368;0,359
35;E5;70;0,414;0,41;0,402;0,411
35;E5;80;0,441;0,436;0,447;0,445
35;E5;90;0,463;0,463;0,479;0,463
35;E5;100;0,466;0,47;0,498;0,473
45;E1;10;0,218;0,222;0,225;0,224
45;E1;20;0,219;0,22;0,22;0,226
45;E1;30;0,314;0,213;0,312;0,327
45;E1;40;0,353;0,38;0,361;0,358
45;E1;50;0,391;0,391;0,393;0,386
45;E1;60;0,493;0,492;0,49;0,487
45;E1;70;0,499;0,499;0,5;0,497
45;E1;80;0,587;0,59;0,59;0,585
45;E1;90;0,631;0,634;0,632;0,627
45;E1;100;0,7;0,701;0,699;0,697
45;E2;10;0,452;0,456;0,463;0,457
45;E2;20;0,835;0,835;0,836;0,833
45;E2;30;1,231;1,226;1,23;1,226
45;E2;40;1,468;1,47;1,463;1,466
45;E2;50;2,065;2,078;2,072;2,067
45;E2;60;2,167;2,114;2,138;2,167
45;E2;70;2,3;2,212;2,25;2,289
45;E2;80;2,345;2,253;2,299;2,35
45;E2;90;2,355;2,253;2,267;2,343
45;E2;100;2,465;2,278;2,32;2,442
45;E3;10;0,171;0,177;0,177;0,181
45;E3;20;0,22;0,224;0,221;0,222
45;E3;30;0,266;0,265;0,27;0,264
45;E3;40;0,36;0,384;0,36;0,364
45;E3;50;0,463;0,472;0,471;0,461
45;E3;60;0,481;0,487;0,486;0,483
45;E3;70;0,482;0,489;0,487;0,484
45;E3;80;0,559;0,57;0,566;0,558
45;E3;90;0,622;0,631;0,63;0,626
45;E3;100;0,734;0,745;0,745;0,737
45;E4;10;0,337;0,348;0,354;0,35
45;E4;20;0,319;0,33;0,334;0,323
45;E4;30;0,377;0,382;0,385;0,378
45;E4;40;0,39;0,408;0,398;0,393
45;E4;50;0,402;0,417;0,419;0,405
45;E4;60;0,438;0,45;0,447;0,44
45;E4;70;0,464;0,475;0,475;0,468
45;E4;80;0,498;0,51;0,508;0,498
45;E4;90;0,561;0,576;0,574;0,564
45;E4;100;0,596;0,609;0,608;0,599
45;E5;10;0,185;0,196;0,189;0,194
45;E5;20;0,263;0,245;0,229;0,255
45;E5;30;0,236;0,24;0,227;0,243
45;E5;40;0,385;0,395;0,372;0,396
45;E5;50;0,326;0,33;0,33;0,325
45;E5;60;0,356;0,367;0,361;0,359
45;E5;70;0,406;0,421;0,416;0,412
45;E5;80;0,447;0,455;0,454;0,438
45;E5;90;0,467;0,475;0,471;0,466
45;E5;100;0,477;0,466;0,47;0,476
55;E1;10;0,231;0,225;0,235;0,235
55;E1;20;0,229;0,23;0,232;0,232
55;E1;30;0,31;0,316;0,322;0,31
55;E1;40;0,368;0,374;0,371;0,381
55;E1;50;0,401;0,4;0,399;0,402
55;E1;60;0,496;0,495;0,49;0,492
55;E1;70;0,513;0,513;0,51;0,511
55;E1;80;0,593;0,594;0,588;0,593
55;E1;90;0,641;0,64;0,636;0,639
55;E1;100;0,715;0,703;0,705;0,703
55;E2;10;0,463;0,458;0,473;0,474
55;E2;20;0,831;0,829;0,832;0,834
55;E2;30;1,226;1,224;1,223;1,218
55;E2;40;1,476;1,454;1,471;1,463
55;E2;50;2,062;2,06;2,063;2,058
55;E2;60;2,157;2,147;2,154;2,143
55;E2;70;2,26;2,255;2,266;2,247
55;E2;80;2,333;2,327;2,331;2,301
55;E2;90;2,319;2,311;2,316;2,297
55;E2;100;2,412;2,364;2,382;2,355
55;E3;10;0,177;0,175;0,18;0,178
55;E3;20;0,224;0,224;0,226;0,226
55;E3;30;0,265;0,271;0,265;0,262
55;E3;40;0,364;0,367;0,367;0,373
55;E3;50;0,458;0,466;0,458;0,462
55;E3;60;0,479;0,484;0,481;0,485
55;E3;70;0,487;0,489;0,486;0,485
55;E3;80;0,557;0,56;0,55;0,56
55;E3;90;0,625;0,63;0,627;0,633
55;E3;100;0,731;0,735;0,733;0,737
55;E4;10;0,338;0,348;0,339;0,342
55;E4;20;0,312;0,333;0,321;0,328
55;E4;30;0,37;0,392;0,375;0,371
55;E4;40;0,389;0,392;0,389;0,382
55;E4;50;0,402;0,416;0,401;0,411
55;E4;60;0,43;0,444;0,429;0,435
55;E4;70;0,464;0,475;0,462;0,468
55;E4;80;0,492;0,501;0,487;0,495
55;E4;90;0,561;0,57;0,559;0,568
55;E4;100;0,599;0,602;0,594;0,594
55;E5;10;0,198;0,198;0,199;0,197
55;E5;20;0,269;0,26;0,255;0,26
55;E5;30;0,244;0,231;0,243;0,231
55;E5;40;0,404;0,376;0,402;0,392
55;E5;50;0,33;0,331;0,326;0,332
55;E5;60;0,363;0,367;0,355;0,369
55;E5;70;0,413;0,419;0,413;0,417
55;E5;80;0,451;0,444;0,443;0,451
55;E5;90;0,471;0,474;0,468;0,547
55;E5;100;0,477;0,481;0,478;0,476
65;E1;10;0,233;0,235;0,237;0,241
65;E1;20;0,235;0,24;0,239;0,243
65;E1;30;0,322;0,321;0,327;0,326
65;E1;40;0,393;0,392;0,382;0,396
65;E1;50;0,418;0,423;0,421;0,427
65;E1;60;0,512;0,515;0,504;0,507
65;E1;70;0,532;0,529;0,526;0,529
65;E1;80;0,606;0,609;0,603;0,609
65;E1;90;0,649;0,649;0,646;0,648
65;E1;100;0,716;0,714;0,713;0,713
65;E2;10;0,464;0,466;0,47;0,488
65;E2;20;0,824;0,827;0,828;0,835
65;E2;30;1,216;1,219;1,216;1,227
65;E2;40;1,451;1,446;1,443;1,457
65;E2;50;2,043;2,047;2,044;2,061
65;E2;60;2,136;2,12;2,187;2,11
65;E2;70;2,241;2,208;2,293;2,213
65;E2;80;2,311;2,273;2,357;2,258
65;E2;90;2,296;2,242;2,361;2,237
65;E2;100;2,376;2,29;2,472;2,285
65;E3;10;0,178;0,178;0,18;0,182
65;E3;20;0,221;0,222;0,221;0,225
65;E3;30;0,273;0,276;0,274;0,276
65;E3;40;0,373;0,362;0,353;0,368
65;E3;50;0,466;0,471;0,459;0,465
65;E3;60;0,488;0,49;0,487;0,489
65;E3;70;0,489;0,494;0,488;0,484
65;E3;80;0,561;0,568;0,558;0,561
65;E3;90;0,632;0,632;0,627;0,631
65;E3;100;0,739;0,741;0,728;0,737
65;E4;10;0,354;0,358;0,353;0,346
65;E4;20;0,327;0,336;0,332;0,33
65;E4;30;0,39;0,396;0,395;0,387
65;E4;40;0,383;0,383;0,396;0,373
65;E4;50;0,423;0,431;0,422;0,419
65;E4;60;0,448;0,453;0,44;0,438
65;E4;70;0,482;0,48;0,478;0,474
65;E4;80;0,504;0,512;0,501;0,503
65;E4;90;0,571;0,577;0,564;0,569
65;E4;100;0,607;0,611;0,601;0,594
65;E5;10;0,196;0,196;0,199;0,199
65;E5;20;0,253;0,239;0,244;0,256
65;E5;30;0,24;0,237;0,245;0,242
65;E5;40;0,392;0,39;0,396;0,387
65;E5;50;0,336;0,339;0,338;0,337
65;E5;60;0,365;0,366;0,37;0,368
65;E5;70;0,423;0,431;0,425;0,416
65;E5;80;0,453;0,466;0,455;0,459
65;E5;90;0,48;0,479;0,474;0,474
65;E5;100;0,487;0,484;0,487;0,479
75;E1;10;0,239;0,235;0,24;0,241
75;E1;20;0,254;0,254;0,257;0,252
75;E1;30;0,341;0,334;0,345;0,342
75;E1;40;0,37;0,417;0,406;0,408
75;E1;50;0,448;0,448;0,451;0,453
75;E1;60;0,53;0,533;0,527;0,538
75;E1;70;0,547;0,548;0,55;0,552
75;E1;80;0,628;0,627;0,627;0,629
75;E1;90;0,662;0,666;0,666;0,67
75;E1;100;0,731;0,725;0,724;0,722
75;E2;10;0,481;0,483;0,483;0,495
75;E2;20;0,823;0,82;0,825;0,826
75;E2;30;1,2;1,201;1,203;1,209
75;E2;40;1,445;1,434;1,43;1,427
75;E2;50;2,042;2,048;2,031;2,043
75;E2;60;2,138;2,147;2,213;2,166
75;E2;70;2,254;2,251;2,348;2,259
75;E2;80;2,31;2,297;2,406;2,341
75;E2;90;2,323;2,297;2,409;2,328
75;E2;100;2,378;2,361;2,504;2,383
75;E3;10;0,191;0,182;0,184;0,187
75;E3;20;0,229;0,222;0,227;0,223
75;E3;30;0,281;0,28;0,281;0,28
75;E3;40;0,305;0,379;0,346;0,357
75;E3;50;0,467;0,464;0,448;0,461
75;E3;60;0,494;0,495;0,491;0,494
75;E3;70;0,485;0,487;0,483;0,485
75;E3;80;0,562;0,563;0,554;0,564
75;E3;90;0,634;0,636;0,635;0,642
75;E3;100;0,73;0,734;0,721;0,731
75;E4;10;0,351;0,357;0,35;0,357
75;E4;20;0,329;0,337;0,325;0,338
75;E4;30;0,388;0,394;0,395;0,399
75;E4;40;0,362;0,391;0,393;0,395
75;E4;50;0,434;0,435;0,424;0,433
75;E4;60;0,449;0,453;0,44;0,45
75;E4;70;0,477;0,483;0,474;0,483
75;E4;80;0,507;0,511;0,503;0,514
75;E4;90;0,572;0,582;0,564;0,58
75;E4;100;0,61;0,606;0,589;0,601
75;E5;10;0,223;0,204;0,21;0,21
75;E5;20;0,307;0,257;0,268;0,273
75;E5;30;0,268;0,247;0,26;0,254
75;E5;40;0,326;0,397;0,394;0,407
75;E5;50;0,346;0,343;0,345;0,343
75;E5;60;0,38;0,381;0,379;0,377
75;E5;70;0,423;0,424;0,416;0,431
75;E5;80;0,466;0,465;0,458;0,48
75;E5;90;0,488;0,492;0,487;0,496
75;E5;100;0,477;0,476;0,483;0,488
85;E1;10;0,249;0,248;0,252;0,245
85;E1;20;0,27;0,269;0,276;0,275
85;E1;30;0,361;0,362;0,368;0,367
85;E1;40;0,432;0,448;0,453;0,45
85;E1;50;0,468;0,475;0,478;0,481
85;E1;60;0,563;0,565;0,57;0,571
85;E1;70;0,581;0,581;0,587;0,584
85;E1;80;0,656;0,659;0,657;0,659
85;E1;90;0,685;0,69;0,69;0,689
85;E1;100;0,743;0,745;0,744;0,744
85;E2;10;0,504;0,514;0,515;0,515
85;E2;20;0,822;0,827;0,828;0,828
85;E2;30;1,204;1,216;1,215;1,21
85;E2;40;1,436;1,432;1,442;1,429
85;E2;50;2,306;2,048;2,049;2,05
85;E2;60;2,155;2,123;2,138;2,127
85;E2;70;2,261;2,231;2,234;2,237
85;E2;80;2,328;2,268;2,276;2,303
85;E2;90;2,317;2,253;2,273;2,264
85;E2;100;2,389;2,315;2,33;2,324
85;E3;10;0,192;0,19;0,193;0,188
85;E3;20;0,224;0,221;0,222;0,223
85;E3;30;0,276;0,28;0,274;0,28
85;E3;40;0,362;0,363;0,371;0,369
85;E3;50;0,448;0,457;0,453;0,458
85;E3;60;0,494;0,494;0,495;0,494
85;E3;70;0,483;0,481;0,482;0,482
85;E3;80;0,557;0,564;0,56;0,565
85;E3;90;0,632;0,634;0,631;0,637
85;E3;100;0,724;0,73;0,725;0,734
85;E4;10;0,347;0,351;0,434;0,348
85;E4;20;0,323;0,33;0,328;0,335
85;E4;30;0,381;0,391;0,387;0,395
85;E4;40;0,396;0,38;0,377;0,37
85;E4;50;0,425;0,43;0,424;0,436
85;E4;60;0,44;0,44;0,439;0,447
85;E4;70;0,475;0,477;0,476;0,481
85;E4;80;0,502;0,51;0,5;0,51
85;E4;90;0,565;0,573;0,563;0,547
85;E4;100;0,592;0,596;0,589;0,599
85;E5;10;0,22;0,211;0,217;0,211
85;E5;20;0,266;0,268;0,276;0,279
85;E5;30;0,271;0,263;0,262;0,262
85;E5;40;0,412;0,405;0,407;0,407
85;E5;50;0,345;0,349;0,346;0,355
85;E5;60;0,381;0,391;0,383;0,383
85;E5;70;0,432;0,426;0,428;0,429
85;E5;80;0,48;0,481;0,472;0,48
85;E5;90;0,499;0,498;0,496;0,505
85;E5;100;0,494;0,491;0,496;0,498
95;E1;10;0,258;0,251;0,255;0,26
95;E1;20;0,299;0,288;0,294;0,296
95;E1;30;0,387;0,386;0,395;0,399
95;E1;40;0,433;0,479;0,48;0,487
95;E1;50;0,509;0,51;0,518;0,516
95;E1;60;0,598;0,602;0,604;0,605
95;E1;70;0,625;0,625;0,624;0,63
95;E1;80;0,695;0,696;0,698;0,7
95;E1;90;0,719;0,723;0,723;0,725
95;E1;100;0,776;0,77;0,77;0,775
95;E2;10;0,517;0,515;0,52;0,528
95;E2;20;0,83;0,826;0,825;0,828
95;E2;30;1,218;1,202;1,207;1,211
95;E2;40;1,421;1,42;1,41;1,41
95;E2;50;2,04;2,028;2,029;2,035
95;E2;60;2,143;2,136;2,158;2,131
95;E2;70;2,24;2,254;2,25;2,235
95;E2;80;2,288;2,326;2,318;2,286
95;E2;90;2,291;2,297;2,314;2,274
95;E2;100;2,365;2,385;2,368;2,331
95;E3;10;0,2;0,19;0,193;0,198
95;E3;20;0,233;0,225;0,226;0,226
95;E3;30;0,279;0,277;0,282;0,283
95;E3;40;0,315;0,371;0,364;0,368
95;E3;50;0,453;0,457;0,453;0,454
95;E3;60;0,497;0,5;0,5;0,497
95;E3;70;0,477;0,481;0,48;0,486
95;E3;80;0,558;0,567;0,569;0,566
95;E3;90;0,631;0,635;0,635;0,641
95;E3;100;0,727;0,728;0,73;0,731
95;E4;10;0,346;0,359;0,364;0,366
95;E4;20;0,332;0,346;0,347;0,349
95;E4;30;0,387;0,398;0,408;0,41
95;E4;40;0,355;0,391;0,393;0,389
95;E4;50;0,429;0,444;0,45;0,444
95;E4;60;0,444;0,459;0,458;0,46
95;E4;70;0,477;0,487;0,487;0,493
95;E4;80;0,504;0,519;0,522;0,52
95;E4;90;0,567;0,582;0,585;0,589
95;E4;100;0,597;0,608;0,607;0,604
95;E5;10;0,237;0,218;0,221;0,225
95;E5;20;0,323;0,283;0,285;0,272
95;E5;30;0,268;0,267;0,272;0,272
95;E5;40;0,346;0,422;0,42;0,405
95;E5;50;0,37;0,364;0,37;0,368
95;E5;60;0,404;0,397;0,401;0,401
95;E5;70;0,436;0,44;0,439;0,441
95;E5;80;0,485;0,496;0,49;0,479
95;E5;90;0,508;0,511;0,5;0,506
95;E5;100;0,493;0,508;0,497;0,496
105;E1;10;0,26;0,263;0,264;0,265
105;E1;20;0,316;0,312;0,316;0,318
105;E1;30;0,41;0,408;0,422;0,418
105;E1;40;0,493;0,506;0,521;0,524
105;E1;50;0,542;0,543;0,549;0,553
105;E1;60;0,635;0,633;0,64;0,64
105;E1;70;0,668;0,667;0,675;0,676
105;E1;80;0,734;0,74;0,74;0,743
105;E1;90;0,754;0,756;0,76;0,757
105;E1;100;0,8;0,801;0,815;0,815
105;E2;10;0,524;0,539;0,536;0,53
105;E2;20;0,829;0,834;0,832;0,827
105;E2;30;1,207;1,209;1,208;1,198
105;E2;40;1,399;1,405;1,405;1,398
105;E2;50;2,022;2,03;2,033;2,017
105;E2;60;2,138;2,127;2,126;2,132
105;E2;70;2,242;2,236;2,218;2,234
105;E2;80;2,299;2,279;2,277;2,303
105;E2;90;2,299;2,251;2,255;2,279
105;E2;100;2,351;2,305;2,317;2,341
105;E3;10;0,196;0,194;0,197;0,198
105;E3;20;0,228;0,225;0,228;0,232
105;E3;30;0,283;0,281;0,276;0,281
105;E3;40;0,357;0,356;0,369;0,375
105;E3;50;0,46;0,454;0,452;0,458
105;E3;60;0,494;0,493;0,493;0,499
105;E3;70;0,472;0,466;0,468;0,471
105;E3;80;0,56;0,56;0,56;0,565
105;E3;90;0,631;0,631;0,635;0,639
105;E3;100;0,729;0,726;0,73;0,734
105;E4;10;0,363;0,359;0,357;0,366
105;E4;20;0,359;0,348;0,349;0,353
105;E4;30;0,408;0,398;0,402;0,405
105;E4;40;0,401;0,391;0,389;0,409
105;E4;50;0,45;0,44;0,441;0,453
105;E4;60;0,459;0,45;0,453;0,459
105;E4;70;0,493;0,48;0,489;0,493
105;E4;80;0,517;0,515;0,512;0,52
105;E4;90;0,584;0,575;0,58;0,586
105;E4;100;0,611;0,601;0,606;0,615
105;E5;10;0,231;0,221;0,229;0,24
105;E5;20;0,292;0,292;0,283;0,3
105;E5;30;0,281;0,279;0,286;0,296
105;E5;40;0,417;0,424;0,415;0,433
105;E5;50;0,382;0,383;0,377;0,381
105;E5;60;0,414;0,406;0,415;0,409
105;E5;70;0,452;0,443;0,446;0,45
105;E5;80;0,497;0,506;0,493;0,501
105;E5;90;0,513;0,514;0,519;0,527
105;E5;100;0,515;0,509;0,512;0,522
115;E1;10;0,288;0,273;0,27;0,278
115;E1;20;0,359;0,329;0,328;0,339
115;E1;30;0,436;0,416;0,417;0,415
115;E1;40;0,511;0,48;0,496;0,463
115;E1;50;0,589;0,518;0,522;0,524
115;E1;60;0,681;0,573;0,58;0,586
115;E1;70;0,719;0,576;0,582;0,585
115;E1;80;0,789;0,602;0,606;0,609
115;E1;90;0,802;0,563;0,57;0,573
115;E1;100;0,842;0,55;0,553;0,56
115;E2;10;0,545;0,287;0,287;0,287
115;E2;20;0,864;0,247;0,247;0,263
115;E2;30;1,227;0,281;0,278;0,303
115;E2;40;1,4;0,285;0,304;0,27
115;E2;50;2,02;0,347;0,35;0,349
115;E2;60;2,166;0,386;0,385;0,39
115;E2;70;2,259;0,398;0,397;0,397
115;E2;80;2,328;0,441;0,441;0,444
115;E2;90;2,304;0,49;0,493;0,497
115;E2;100;2,386;0,512;0,509;0,519
115;E3;10;0,206;0,189;0,183;0,192
115;E3;20;0,223;0,201;0,197;0,197
115;E3;30;0,289;0,236;0,237;0,255
115;E3;40;0,321;0,29;0,302;0,254
115;E3;50;0,45;0,356;0,358;0,36
115;E3;60;0,498;0,384;0,385;0,386
115;E3;70;0,475;0,368;0,369;0,368
115;E3;80;0,558;0,428;0,428;0,43
115;E3;90;0,626;0,472;0,476;0,481
115;E3;100;0,723;0,551;0,55;0,555
115;E4;10;0,365;0,333;0,334;0,337
115;E4;20;0,374;0,312;0,315;0,338
115;E4;30;0,399;0,341;0,345;0,338
115;E4;40;0,369;0,333;0,33;0,296
115;E4;50;0,435;0,352;0,356;0,351
115;E4;60;0,449;0,355;0,356;0,359
115;E4;70;0,482;0,366;0,37;0,371
115;E4;80;0,509;0,388;0,389;0,389
115;E4;90;0,572;0,419;0,427;0,432
115;E4;100;0,599;0,446;0,448;0,449
115;E5;10;0,256;0,248;0,237;0,258
115;E5;20;0,275;0,316;0,29;0,267
115;E5;30;0,295;0,294;0,296;0,289
115;E5;40;0,392;0,399;0,409;0,367
115;E5;50;0,401;0,353;0,356;0,357
115;E5;60;0,434;0,38;0,378;0,387
115;E5;70;0,459;0,396;0,398;0,404
115;E5;80;0,512;0,434;0,426;0,43
115;E5;90;0,519;0,415;0,418;0,431
115;E5;100;0,534;0,427;0,425;0,432
125;E1;10;0,307;0,293;0,294;0,295
125;E1;20;0,385;0,369;0,37;0,376
125;E1;30;0,479;0,479;0,479;0,488
125;E1;40;0,565;0,592;0,594;0,587
125;E1;50;0,635;0,641;0,46;0,652
125;E1;60;0,743;0,741;0,742;0,748
125;E1;70;0,763;0,766;0,772;0,777
125;E1;80;0,832;0,835;0,84;0,842
125;E1;90;0,855;0,861;0,856;0,87
125;E1;100;0,889;0,89;0,895;0,9
125;E2;10;0,55;0,553;0,553;0,549
125;E2;20;0,837;0,834;0,833;0,834
125;E2;30;1,213;1,206;1,204;1,212
125;E2;40;1,395;1,386;1,385;1,388
125;E2;50;2,015;2,013;2,015;2,013
125;E2;60;2,158;2,133;2,134;2,129
125;E2;70;2,275;2,248;2,238;2,243
125;E2;80;2,331;2,315;2,3;2,3
125;E2;90;2,334;2,291;2,288;2,276
125;E2;100;2,399;2,344;2,338;2,339
125;E3;10;0,21;0,197;0,196;0,198
125;E3;20;0,247;0,232;0,232;0,236
125;E3;30;0,284;0,292;0,291;0,292
125;E3;40;0,322;0,359;0,359;0,341
125;E3;50;0,447;0,456;0,456;0,457
125;E3;60;0,496;0,501;0,498;0,5
125;E3;70;0,479;0,479;0,48;0,481
125;E3;80;0,557;0,567;0,567;0,565
125;E3;90;0,622;0,63;0,632;0,636
125;E3;100;0,72;0,724;0,727;0,719
125;E4;10;0,367;0,385;0,383;0,378
125;E4;20;0,356;0,377;0,376;0,379
125;E4;30;0,411;0,424;0,422;0,424
125;E4;40;0,382;0,414;0,415;0,406
125;E4;50;0,438;0,457;0,459;0,457
125;E4;60;0,447;0,466;0,463;0,465
125;E4;70;0,479;0,491;0,493;0,494
125;E4;80;0,504;0,521;0,521;0,521
125;E4;90;0,568;0,587;0,583;0,585
125;E4;100;0,593;0,608;0,611;0,606
125;E5;10;0,276;0,245;0,245;0,257
125;E5;20;0,385;0,321;0,313;0,326
125;E5;30;0,314;0,328;0,33;0,327
125;E5;40;0,412;0,455;0,453;0,448
125;E5;50;0,421;0,425;0,429;0,429
125;E5;60;0,459;0,457;0,457;0,465
125;E5;70;0,48;0,485;0,491;0,492
125;E5;80;0,523;0,526;0,533;0,531
125;E5;90;0,521;0,524;0,533;0,536
125;E5;100;0,544;0,537;0,545;0,542
135;E1;10;0,315;0,311;0,31;0,311
135;E1;20;0,399;0,393;0,399;0,394
135;E1;30;0,512;0,51;0,51;0,512
135;E1;40;0,583;0,626;0,634;0,631
135;E1;50;0,685;0,689;0,692;0,698
135;E1;60;0,789;0,79;0,794;0,798
135;E1;70;0,812;0,816;0,823;0,825
135;E1;80;0,894;0,898;0,903;0,902
135;E1;90;0,918;0,921;0,923;0,925
135;E1;100;0,941;0,945;0,951;0,949
135;E2;10;0,556;0,559;0,561;0,568
135;E2;20;0,835;0,833;0,838;0,834
135;E2;30;1,195;1,206;1,206;1,202
135;E2;40;1,422;1,379;1,377;1,378
135;E2;50;1,999;2;2;2,003
135;E2;60;2,141;2,141;2,143;2,142
135;E2;70;2,248;2,249;2,25;2,241
135;E2;80;2,294;2,295;2,295;2,295
135;E2;90;2,282;2,289;2,295;2,283
135;E2;100;2,355;2,348;2,346;2,337
135;E3;10;0,209;0,2;0,198;0,196
135;E3;20;0,246;0,237;0,238;0,235
135;E3;30;0,295;0,296;0,294;0,292
135;E3;40;0,32;0,353;0,356;0,361
135;E3;50;0,457;0,456;0,455;0,457
135;E3;60;0,503;0,502;0,501;0,502
135;E3;70;0,485;0,482;0,486;0,48
135;E3;80;0,569;0,572;0,569;0,57
135;E3;90;0,621;0,625;0,625;0,629
135;E3;100;0,713;0,714;0,714;0,71
135;E4;10;0,39;0,393;0,392;0,391
135;E4;20;0,38;0,386;0,393;0,385
135;E4;30;0,427;0,432;0,431;0,428
135;E4;40;0,399;0,42;0,419;0,423
135;E4;50;0,462;0,466;0,462;0,464
135;E4;60;0,474;0,474;0,473;0,472
135;E4;70;0,498;0,497;0,499;0,495
135;E4;80;0,536;0,529;0,526;0,525
135;E4;90;0,584;0,586;0,585;0,587
135;E4;100;0,61;0,612;0,615;0,609
135;E5;10;0,286;0,268;0,264;0,257
135;E5;20;0,383;0,352;0,343;0,326
135;E5;30;0,382;0,356;0,352;0,357
135;E5;40;0,438;0,473;0,47;0,473
135;E5;50;0,455;0,456;0,455;0,459
135;E5;60;0,495;0,497;0,496;0,501
135;E5;70;0,513;0,508;0,516;0,51
135;E5;80;0,546;0,553;0,54;0,539
135;E5;90;0,539;0,547;0,54;0,537
135;E5;100;0,554;0,549;0,551;0,543
145;E1;10;0,336;0,327;0,33;0,325
145;E1;20;0,422;0,42;0,415;0,415
145;E1;30;0,538;0,536;0,54;0,537
145;E1;40;0,62;0,659;0,67;0,665
145;E1;50;0,73;0,726;0,728;0,73
145;E1;60;0,83;0,83;0,835;0,841
145;E1;70;0,853;0,854;0,86;0,864
145;E1;80;0,932;0,936;0,938;0,944
145;E1;90;0,959;0,964;0,966;0,964
145;E1;100;0,985;0,992;0,991;0,995
145;E2;10;0,61;0,601;0,604;0,601
145;E2;20;0,857;0,86;0,849;0,848
145;E2;30;1,225;1,223;1,215;1,211
145;E2;40;1,402;1,389;1,39;1,389
145;E2;50;2,003;2,009;2,007;2,002
145;E2;60;2,114;2,117;2,137;2,118
145;E2;70;2,24;2,224;2,22;2,217
145;E2;80;2,253;2,29;2,281;2,264
145;E2;90;2,263;2,26;2,256;2,24
145;E2;100;2,347;2,317;2,323;2,286
145;E3;10;0,203;0,199;0,199;0,197
145;E3;20;0,24;0,235;0,237;0,237
145;E3;30;0,298;0,295;0,295;0,29
145;E3;40;0,323;0,351;0,36;0,361
145;E3;50;0,455;0,452;0,452;0,452
145;E3;60;0,504;0,503;0,503;0,504
145;E3;70;0,485;0,48;0,48;0,482
145;E3;80;0,569;0,57;0,568;0,571
145;E3;90;0,62;0,626;0,628;0,631
145;E3;100;0,714;0,716;0,71;0,714
145;E4;10;0,399;0,388;0,391;0,39
145;E4;20;0,398;0,394;0,383;0,384
145;E4;30;0,434;0,427;0,427;0,424
145;E4;40;0,386;0,413;0,421;0,429
145;E4;50;0,462;0,453;0,457;0,459
145;E4;60;0,465;0,463;0,465;0,468
145;E4;70;0,494;0,489;0,491;0,495
145;E4;80;0,519;0,518;0,518;0,524
145;E4;90;0,58;0,582;0,584;0,587
145;E4;100;0,604;0,606;0,602;0,605
145;E5;10;0,26;0,269;0,369;0,268
145;E5;20;0,332;0,332;0,347;0,349
145;E5;30;0,372;0,377;0,387;0,373
145;E5;40;0,467;0,489;0,494;0,498
145;E5;50;0,49;0,492;0,483;0,479
145;E5;60;0,497;0,496;0,495;0,496
145;E5;70;0,53;0,525;0,527;0,533
145;E5;80;0,553;0,554;0,549;0,551
145;E5;90;0,537;0,544;0,542;0,542
145;E5;100;0,568;0,566;0,556;0,554
155;E1;10;0,336;0,337;0,336;0,339
155;E1;20;0,434;0,432;0,431;0,435
155;E1;30;0,558;0,552;0,548;0,558
155;E1;40;0,675;0,68;0,679;0,673
155;E1;50;0,75;0,751;0,761;0,768
155;E1;60;0,866;0,871;0,874;0,878
155;E1;70;0,892;0,893;0,898;0,902
155;E1;80;0,979;0,975;0,98;0,985
155;E1;90;1;1,002;1,007;1,008
155;E1;100;1,034;1,047;1,039;1,039
155;E2;10;0,61;0,61;0,608;0,608
155;E2;20;0,852;0,852;0,85;0,851
155;E2;30;1,207;1,205;1,198;1,199
155;E2;40;1,392;1,38;1,38;1,383
155;E2;50;2;1,995;1,998;1,994
155;E2;60;2,143;2,142;2,134;2,154
155;E2;70;2,24;2,25;2,226;2,253
155;E2;80;2,312;2,33;2,29;2,321
155;E2;90;2,287;2,302;2,259;2,321
155;E2;100;2,364;2,382;2,331;2,362
155;E3;10;0,201;0,202;0,202;0,2
155;E3;20;0,242;0,242;0,241;0,241
155;E3;30;0,292;0,298;0,292;0,293
155;E3;40;0,349;0,349;0,359;0,35
155;E3;50;0,446;0,452;0,457;0,454
155;E3;60;0,501;0,505;0,504;0,503
155;E3;70;0,482;0,485;0,482;0,483
155;E3;80;0,569;0,572;0,574;0,572
155;E3;90;0,628;0,632;0,631;0,632
155;E3;100;0,715;0,724;0,719;0,716
155;E4;10;0,391;0,41;0,411;0,409
155;E4;20;0,388;0,409;0,404;0,403
155;E4;30;0,425;0,441;0,436;0,438
155;E4;40;0,432;0,439;0,443;0,436
155;E4;50;0,454;0,465;0,473;0,468
155;E4;60;0,466;0,482;0,483;0,479
155;E4;70;0,492;0,505;0,508;0,506
155;E4;80;0,52;0,529;0,533;0,528
155;E4;90;0,58;0,597;0,599;0,596
155;E4;100;0,603;0,62;0,617;0,612
155;E5;10;0,284;0,273;0,28;0,279
155;E5;20;0,381;0,357;0,367;0,367
155;E5;30;0,41;0,398;0,402;0,402
155;E5;40;0,521;0,508;0,515;0,52
155;E5;50;0,5;0,504;0,511;0,511
155;E5;60;0,516;0,521;0,518;0,518
155;E5;70;0,55;0,557;0,558;0,559
155;E5;80;0,568;0,569;0,571;0,569
155;E5;90;0,552;0,559;0,557;0,558
155;E5;100;0,569;0,575;0,565;0,57
165;E1;10;0,347;0,368;0,351;0,36
165;E1;20;0,453;0,451;0,449;0,452
165;E1;30;0,576;0,58;0,574;0,583
165;E1;40;0,688;0,665;0,699;0,692
165;E1;50;0,787;0,788;0,789;0,791
165;E1;60;0,904;0,904;0,911;0,91
165;E1;70;0,931;0,935;0,939;0,943
165;E1;80;1,021;1,024;1,021;1,033
165;E1;90;1,044;1,052;1,047;1,055
165;E1;100;1,071;1,082;1,078;1,083
165;E2;10;0,617;0,633;0,62;0,629
165;E2;20;0,855;0,862;0,854;0,858
165;E2;30;1,2;1,215;1,199;1,206
165;E2;40;1,386;1,399;1,379;1,376
165;E2;50;1,993;2;1,998;1,992
165;E2;60;2,157;2,133;2,139;2,154
165;E2;70;2,261;2,219;2,244;2,266
165;E2;80;2,343;2,277;2,301;2,341
165;E2;90;2,34;2,263;2,289;2,341
165;E2;100;2,405;2,345;2,358;2,399
165;E3;10;0,2;0,211;0,203;0,204
165;E3;20;0,246;0,25;0,244;0,246
165;E3;30;0,296;0,307;0,297;0,3
165;E3;40;0,345;0,324;0,354;0,346
165;E3;50;0,452;0,459;0,455;0,45
165;E3;60;0,502;0,505;0,502;0,498
165;E3;70;0,485;0,49;0,488;0,485
165;E3;80;0,572;0,578;0,573;0,574
165;E3;90;0,631;0,636;0,629;0,626
165;E3;100;0,72;0,731;0,721;0,718
165;E4;10;0,418;0,435;0,424;0,424
165;E4;20;0,419;0,429;0,421;0,42
165;E4;30;0,449;0,455;0,448;0,448
165;E4;40;0,438;0,403;0,449;0,427
165;E4;50;0,472;0,478;0,473;0,466
165;E4;60;0,482;0,484;0,489;0,481
165;E4;70;0,51;0,518;0,514;0,509
165;E4;80;0,533;0,54;0,534;0,534
165;E4;90;0,596;0,606;0,602;0,594
165;E4;100;0,619;0,63;0,62;0,62
165;E5;10;0,286;0,286;0,29;0,283
165;E5;20;0,39;0,374;0,386;0,381
165;E5;30;0,427;0,426;0,428;0,428
165;E5;40;0,542;0,533;0,538;0,535
165;E5;50;0,54;0,546;0,544;0,545
165;E5;60;0,543;0,549;0,543;0,538
165;E5;70;0,584;0,594;0,595;0,589
165;E5;80;0,59;0,592;0,588;0,591
165;E5;90;0,572;0,577;0,573;0,567
165;E5;100;0,59;0,593;0,584;0,582
175;E1;10;0,358;0,359;0,365;0,361
175;E1;20;0,466;0,465;0,467;0,467
175;E1;30;0,595;0,593;0,595;0,599
175;E1;40;0,715;0,721;0,697;0,728
175;E1;50;0,814;0,815;0,822;0,823
175;E1;60;0,937;0,942;0,94;0,944
175;E1;70;0,971;0,974;0,975;0,979
175;E1;80;1,066;1,068;1,065;1,072
175;E1;90;1,091;1,094;1,099;1,103
175;E1;100;1,113;1,115;1,119;1,123
175;E2;10;0,634;0,636;0,643;0,637
175;E2;20;0,864;0,864;0,869;0,863
175;E2;30;1,204;1,205;1,214;1,201
175;E2;40;1,389;1,388;1,399;1,385
175;E2;50;2,004;2,002;2,007;2,002
175;E2;60;2,157;2,133;2,146;2,152
175;E2;70;2,251;2,204;2,262;2,258
175;E2;80;2,326;2,286;2,333;2,303
175;E2;90;2,312;2,254;2,319;2,296
175;E2;100;2,375;2,307;2,38;2,373
175;E3;10;0,2;0,202;0,2;0,202
175;E3;20;0,248;0,247;0,245;0,245
175;E3;30;0,296;0,297;0,3;0,293
175;E3;40;0,346;0,363;0,333;0,357
175;E3;50;0,45;0,452;0,452;0,452
175;E3;60;0,498;0,503;0,498;0,499
175;E3;70;0,484;0,485;0,482;0,482
175;E3;80;0,573;0,574;0,57;0,573
175;E3;90;0,625;0,629;0,625;0,628
175;E3;100;0,716;0,718;0,711;0,715
175;E4;10;0,415;0,413;0,417;0,418
175;E4;20;0,421;0,418;0,419;0,415
175;E4;30;0,443;0,439;0,444;0,444
175;E4;40;0,443;0,449;0,404;0,449
175;E4;50;0,466;0,466;0,471;0,469
175;E4;60;0,48;0,483;0,478;0,48
175;E4;70;0,507;0,509;0,502;0,504
175;E4;80;0,532;0,532;0,526;0,533
175;E4;90;0,593;0,596;0,59;0,595
175;E4;100;0,614;0,615;0,613;0,615
175;E5;10;0,298;0,303;0,291;0,3
175;E5;20;0,41;0,415;0,395;0,413
175;E5;30;0,461;0,466;0,453;0,46
175;E5;40;0,572;0,571;0,558;0,572
175;E5;50;0,574;0,574;0,578;0,58
175;E5;60;0,568;0,575;0,57;0,572
175;E5;70;0,615;0,621;0,616;0,62
175;E5;80;0,617;0,617;0,615;0,618
175;E5;90;0,591;0,597;0,588;0,592
175;E5;100;0,611;0,611;0,609;0,604
185;E1;10;0,373;0,371;0,383;0,39
185;E1;20;0,476;0,482;0,485;0,49
185;E1;30;0,613;0,611;0,617;0,621
185;E1;40;0,737;0,748;0,731;0,738
185;E1;50;0,839;0,843;0,849;0,849
185;E1;60;0,971;0,971;0,979;0,981
185;E1;70;1,007;1,01;1,017;1,021
185;E1;80;1,098;1,103;1,106;1,11
185;E1;90;1,139;1,136;1,144;1,149
185;E1;100;1,162;1,162;1,168;1,17
185;E2;10;0,67;0,659;0,669;0,67
185;E2;20;0,878;0,878;0,884;0,887
185;E2;30;1,213;1,208;1,222;1,224
185;E2;40;1,399;1,376;1,398;1,396
185;E2;50;2,007;2,001;2,003;2,008
185;E2;60;2,168;2,143;2,108;2,115
185;E2;70;2,274;2,245;2,204;2,2
185;E2;80;2,33;2,296;2,256;2,264
185;E2;90;2,349;2,293;2,237;2,239
185;E2;100;2,407;2,344;2,282;2,293
185;E3;10;0,206;0,205;0,216;0,215
185;E3;20;0,245;0,253;0,256;0,259
185;E3;30;0,298;0,303;0,311;0,311
185;E3;40;0,353;0,355;0,338;0,342
185;E3;50;0,448;0,457;0,459;0,458
185;E3;60;0,501;0,505;0,509;0,508
185;E3;70;0,484;0,488;0,491;0,49
185;E3;80;0,569;0,579;0,582;0,58
185;E3;90;0,631;0,634;0,637;0,637
185;E3;100;0,714;0,719;0,723;0,722
185;E4;10;0,428;0,44;0,451;0,452
185;E4;20;0,427;0,447;0,454;0,456
185;E4;30;0,449;0,467;0,472;0,472
185;E4;40;0,435;0,461;0,435;0,438
185;E4;50;0,469;0,485;0,489;0,486
185;E4;60;0,485;0,499;0,506;0,504
185;E4;70;0,507;0,524;0,529;0,528
185;E4;80;0,528;0,549;0,551;0,548
185;E4;90;0,597;0,611;0,617;0,615
185;E4;100;0,614;0,631;0,637;0,633
185;E5;10;0,308;0,309;0,314;0,31
185;E5;20;0,446;0,452;0,444;0,446
185;E5;30;0,486;0,488;0,487;0,489
185;E5;40;0,592;0,593;0,61;0,61
185;E5;50;0,61;0,615;0,618;0,617
185;E5;60;0,606;0,611;0,616;0,616
185;E5;70;0,657;0,666;0,672;0,671
185;E5;80;0,64;0,646;0,649;0,649
185;E5;90;0,615;0,615;0,622;0,623
185;E5;100;0,627;0,626;0,63;0,629
195;E1;10;0,375;0,386;0,381;0,378
195;E1;20;0,495;0,491;0,494;0,497
195;E1;30;0,626;0,632;0,63;0,631
195;E1;40;0,766;0,766;0,773;0,765
195;E1;50;0,863;0,863;0,866;0,872
195;E1;60;0,999;1,001;1,006;1,004
195;E1;70;1,038;1,041;1,041;1,043
195;E1;80;1,135;1,136;1,138;1,143
195;E1;90;1,171;1,173;1,177;1,181
195;E1;100;1,194;1,197;1,198;1,199
195;E2;10;0,668;0,683;0,678;0,674
195;E2;20;0,883;0,885;0,885;0,882
195;E2;30;1,209;1,222;1,213;1,203
195;E2;40;1,376;1,387;1,384;1,382
195;E2;50;1,998;2,0005;2,004;1,991
195;E2;60;2,133;2,13;2,129;2,162
195;E2;70;2,235;2,231;2,215;2,255
195;E2;80;2,279;2,289;2,274;2,324
195;E2;90;2,267;2,277;2,262;2,311
195;E2;100;2,309;2,33;2,314;2,365
195;E3;10;0,206;0,21;0,206;0,206
195;E3;20;0,259;0,25;0,252;0,253
195;E3;30;0,306;0,307;0,302;0,302
195;E3;40;0,354;0,354;0,353;0,36
195;E3;50;0,459;0,45;0,451;0,454
195;E3;60;0,506;0,505;0,506;0,504
195;E3;70;0,491;0,488;0,486;0,487
195;E3;80;0,584;0,578;0,575;0,578
195;E3;90;0,634;0,632;0,634;0,633
195;E3;100;0,721;0,72;0,718;0,719
195;E4;10;0,45;0,45;0,444;0,45
195;E4;20;0,462;0,448;0,447;0,454
195;E4;30;0,479;0,47;0,468;0,473
195;E4;40;0,471;0,449;0,465;0,467
195;E4;50;0,495;0,48;0,482;0,488
195;E4;60;0,509;0,5;0,502;0,506
195;E4;70;0,533;0,523;0,521;0,525
195;E4;80;0,558;0,545;0,546;0,551
195;E4;90;0,615;0,607;0,61;0,611
195;E4;100;0,639;0,629;0,629;0,633
195;E5;10;0,318;0,319;0,321;0,322
195;E5;20;0,472;0,462;0,473;0,473
195;E5;30;0,513;0,512;0,513;0,512
195;E5;40;0,621;0,622;0,622;0,628
195;E5;50;0,647;0,643;0,646;0,651
195;E5;60;0,641;0,641;0,643;0,641
195;E5;70;0,703;0,699;0,701;0,703
195;E5;80;0,682;0,68;0,68;0,68
195;E5;90;0,639;0,639;0,643;0,64
195;E5;100;0,651;0,655;0,652;0,653
205;E1;10;0,404;0,396;0,394;0,392
205;E1;20;0,537;0,51;0,51;0,51
205;E1;30;0,666;0,649;0,645;0,645
205;E1;40;0,788;0,769;0,791;0,782
205;E1;50;0,897;0,89;0,89;0,891
205;E1;60;1,025;1,017;1,021;1,027
205;E1;70;1,075;1,066;1,065;1,073
205;E1;80;1,18;1,173;1,172;1,173
205;E1;90;1,218;1,208;1,213;1,213
205;E1;100;1,236;1,23;1,23;1,233
205;E2;10;0,749;0,776;0,79;0,789
205;E2;20;0,93;0,915;0,923;0,928
205;E2;30;1,204;1,206;1,227;1,223
205;E2;40;1,309;1,401;1,391;1,395
205;E2;50;1,971;1,993;2,004;2,003
205;E2;60;2,176;2,188;2,151;2,151
205;E2;70;2,388;2,345;2,249;2,25
205;E2;80;2,469;2,425;2,301;2,3
205;E2;90;2,522;2,425;2,291;2,29
205;E2;100;2,569;2,541;2,345;2,354
205;E3;10;0,219;0,21;0,211;0,21
205;E3;20;0,271;0,252;0,256;0,258
205;E3;30;0,319;0,307;0,31;0,308
205;E3;40;0,352;0,347;0,358;0,357
205;E3;50;0,442;0,442;0,453;0,451
205;E3;60;0,509;0,504;0,505;0,508
205;E3;70;0,493;0,484;0,483;0,486
205;E3;80;0,578;0,573;0,58;0,579
205;E3;90;0,635;0,629;0,636;0,637
205;E3;100;0,707;0,705;0,715;0,715
205;E4;10;0,437;0,44;0,455;0,456
205;E4;20;0,442;0,437;0,457;0,459
205;E4;30;0,458;0,461;0,478;0,476
205;E4;40;0,437;0,44;0,465;0,46
205;E4;50;0,459;0,467;0,485;0,485
205;E4;60;0,482;0,487;0,5;0,506
205;E4;70;0,5;0,507;0,517;0,523
205;E4;80;0,528;0,535;0,551;0,549
205;E4;90;0,587;0,588;0,61;0,608
205;E4;100;0,606;0,61;0,627;0,628
205;E5;10;0,359;0,341;0,33;0,33
205;E5;20;0,546;0,51;0,488;0,491
205;E5;30;0,53;0,555;0,542;0,541
205;E5;40;0,679;0,669;0,652;0,659
205;E5;50;0,694;0,68;0,68;0,681
205;E5;60;0,689;0,677;0,674;0,675
205;E5;70;0,736;0,724;0,729;0,733
205;E5;80;0,716;0,704;0,706;0,704
205;E5;90;0,663;0,652;0,664;0,661
205;E5;100;0,686;0,669;0,672;0,669
215;E1;10;0,398;0,4;0,402;0,402
215;E1;20;0,521;0,515;0,519;0,517
215;E1;30;0,653;0,658;0,655;0,656
215;E1;40;0,794;0,793;0,79;0,793
215;E1;50;0,9;0,901;0,904;0,905
215;E1;60;1,041;1,039;1,041;1,042
215;E1;70;1,086;1,085;1,086;1,09
215;E1;80;1,188;1,185;1,19;1,193
215;E1;90;1,232;1,233;1,238;1,238
215;E1;100;1,25;1,252;1,254;1,259
215;E2;10;0,791;0,774;0,773;0,78
215;E2;20;0,94;0,928;0,932;0,937
215;E2;30;1,227;1,221;1,22;1,227
215;E2;40;1,401;1,388;1,392;1,398
215;E2;50;2,002;1,993;1,992;1,999
215;E2;60;2,152;2,163;2,154;2,16
215;E2;70;2,26;2,262;2,247;2,248
215;E2;80;2,32;2,348;2,317;2,307
215;E2;90;2,289;2,331;2,293;2,3
215;E2;100;2,358;2,383;2,368;2,367
215;E3;10;0,209;0,212;0,214;0,213
215;E3;20;0,264;0,261;0,266;0,257
215;E3;30;0,311;0,316;0,314;0,309
215;E3;40;0,359;0,36;0,358;0,356
215;E3;50;0,448;0,45;0,454;0,447
215;E3;60;0,508;0,508;0,51;0,508
215;E3;70;0,485;0,489;0,489;0,488
215;E3;80;0,579;0,581;0,582;0,576
215;E3;90;0,635;0,638;0,639;0,636
215;E3;100;0,714;0,717;0,716;0,714
215;E4;10;0,461;0,477;0,48;0,468
215;E4;20;0,47;0,479;0,482;0,468
215;E4;30;0,48;0,497;0,494;0,483
215;E4;40;0,465;0,472;0,471;0,463
215;E4;50;0,487;0,498;0,502;0,489
215;E4;60;0,508;0,52;0,52;0,509
215;E4;70;0,525;0,538;0,537;0,525
215;E4;80;0,552;0,562;0,563;0,549
215;E4;90;0,612;0,625;0,623;0,611
215;E4;100;0,627;0,644;0,642;0,633
215;E5;10;0,334;0,337;0,339;0,338
215;E5;20;0,508;0,504;0,506;0,502
215;E5;30;0,557;0,558;0,557;0,558
215;E5;40;0,675;0,681;0,689;0,681
215;E5;50;0,699;0,701;0,707;0,707
215;E5;60;0,697;0,698;0,701;0,7
215;E5;70;0,753;0,761;0,763;0,762
215;E5;80;0,729;0,731;0,732;0,731
215;E5;90;0,68;0,686;0,686;0,685
215;E5;100;0,683;0,687;0,684;0,689
225;E1;10;0,414;0,417;0,417;0,423
225;E1;20;0,55;0,551;0,554;0,549
225;E1;30;0,696;0,7;0,706;0,703
225;E1;40;0,861;0,886;0,869;0,857
225;E1;50;0,937;0,936;0,934;0,936
225;E1;60;1,068;1,067;1,063;1,07
225;E1;70;1,12;1,117;1,118;1,121
225;E1;80;1,224;1,219;1,216;1,222
225;E1;90;1,278;1,271;1,272;1,274
225;E1;100;1,295;1,296;1,284;1,288
225;E2;10;0,805;0,818;0,822;0,854
225;E2;20;0,929;0,947;0,961;0,938
225;E2;30;1,3;1,299;1,312;1,325
225;E2;40;1,437;1,434;1,44;1,454
225;E2;50;1,995;1,984;1,967;1,993
225;E2;60;2,147;2,172;2,168;2,171
225;E2;70;2,227;2,269;2,354;2,264
225;E2;80;2,25;2,34;2,434;2,325
225;E2;90;2,232;2,327;2,464;2,296
225;E2;100;2,302;2,401;2,537;2,388
225;E3;10;0,211;0,214;0,21;0,214
225;E3;20;0,274;0,274;0,273;0,27
225;E3;30;0,309;0,312;0,315;0,313
225;E3;40;0,385;0,39;0,375;0,382
225;E3;50;0,454;0,451;0,44;0,443
225;E3;60;0,52;0,52;0,513;0,516
225;E3;70;0,497;0,496;0,493;0,493
225;E3;80;0,587;0,586;0,582;0,582
225;E3;90;0,647;0,642;0,639;0,641
225;E3;100;0,717;0,721;0,706;0,712
225;E4;10;0,475;0,487;0,484;0,476
225;E4;20;0,492;0,498;0,498;0,48
225;E4;30;0,514;0,522;0,523;0,507
225;E4;40;0,504;0,523;0,501;0,498
225;E4;50;0,517;0,522;0,509;0,501
225;E4;60;0,533;0,539;0,527;0,523
225;E4;70;0,552;0,555;0,545;0,541
225;E4;80;0,577;0,578;0,567;0,562
225;E4;90;0,639;0,639;0,627;0,622
225;E4;100;0,651;0,659;0,639;0,637
225;E5;10;0,355;0,364;0,348;0,358
225;E5;20;0,577;0,588;0,578;0,582
225;E5;30;0,618;0,629;0,626;0,63
225;E5;40;0,737;0,754;0,74;0,754
225;E5;50;0,756;0,755;0,753;0,753
225;E5;60;0,738;0,74;0,739;0,741
225;E5;70;0,789;0,786;0,784;0,785
225;E5;80;0,766;0,767;0,767;0,768
225;E5;90;0,731;0,723;0,718;0,721
225;E5;100;0,723;0,73;0,719;0,728
235;E1;10;0,421;0,416;0,421;0,421
235;E1;20;0,55;0,548;0,549;0,546
235;E1;30;0,695;0,689;0,693;0,687
235;E1;40;0,838;0,842;0,833;0,839
235;E1;50;0,932;0,935;0,934;0,939
235;E1;60;1,069;1,071;1,07;1,075
235;E1;70;1,121;1,126;1,131;1,13
235;E1;80;1,223;1,224;1,228;1,229
235;E1;90;1,279;1,283;1,284;1,284
235;E1;100;1,29;1,293;1,295;1,299
235;E2;10;0,841;0,837;0,84;0,829
235;E2;20;1,013;1,003;1,015;1,007
235;E2;30;1,327;1,324;1,329;1,33
235;E2;40;1,435;1,442;1,43;1,442
235;E2;50;1,965;1,967;1,962;1,972
235;E2;60;2,18;2,177;2,175;2,173
235;E2;70;2,3;2,285;2,31;2,259
235;E2;80;2,381;2,359;2,376;2,345
235;E2;90;2,381;2,362;2,394;2,342
235;E2;100;2,467;2,464;2,476;2,395
235;E3;10;0,214;0,212;0,215;0,215
235;E3;20;0,272;0,272;0,272;0,272
235;E3;30;0,318;0,313;0,315;0,314
235;E3;40;0,383;0,384;0,376;0,379
235;E3;50;0,441;0,444;0,442;0,45
235;E3;60;0,514;0,516;0,515;0,518
235;E3;70;0,491;0,494;0,495;0,494
235;E3;80;0,585;0,584;0,584;0,586
235;E3;90;0,639;0,641;0,638;0,64
235;E3;100;0,706;0,711;0,71;0,714
235;E4;10;0,491;0,493;0,493;0,498
235;E4;20;0,499;0,505;0,502;0,508
235;E4;30;0,524;0,526;0,525;0,531
235;E4;40;0,512;0,515;0,509;0,514
235;E4;50;0,514;0,521;0,517;0,526
235;E4;60;0,535;0,54;0,539;0,544
235;E4;70;0,55;0,556;0,558;0,559
235;E4;80;0,572;0,576;0,576;0,579
235;E4;90;0,631;0,638;0,634;0,64
235;E4;100;0,64;0,649;0,646;0,654
235;E5;10;0,371;0,362;0,373;0,36
235;E5;20;0,605;0,598;0,608;0,589
235;E5;30;0,651;0,64;0,649;0,635
235;E5;40;0,779;0,77;0,785;0,771
235;E5;50;0,762;0,767;0,765;0,773
235;E5;60;0,749;0,754;0,753;0,757
235;E5;70;0,795;0,801;0,803;0,806
235;E5;80;0,771;0,773;0,775;0,781
235;E5;90;0,727;0,733;0,733;0,742
235;E5;100;0,725;0,732;0,73;0,74
245;E1;10;0,441;0,424;0,428;0,428
245;E1;20;0,583;0,555;0,558;0,558
245;E1;30;0,718;0,699;0,696;0,702
245;E1;40;0,864;0,85;0,853;0,853
245;E1;50;0,963;0,949;0,953;0,955
245;E1;60;1,094;1,088;1,089;1,088
245;E1;70;1,153;1,142;1,144;1,143
245;E1;80;1,261;1,246;1,247;1,247
245;E1;90;1,317;1,303;1,306;1,303
245;E1;100;1,327;1,321;1,318;1,32
245;E2;10;0,859;0,862;0,862;0,856
245;E2;20;1,058;1,031;1,032;1,033
245;E2;30;1,336;1,344;1,348;1,344
245;E2;40;1,451;1,458;1,47;1,459
245;E2;50;1,949;1,964;1,974;1,977
245;E2;60;2,157;2,192;2,184;2,181
245;E2;70;2,353;2,346;2,31;2,265
245;E2;80;2,456;2,426;2,357;2,355
245;E2;90;2,497;2,426;2,382;2,329
245;E2;100;2,552;2,512;2,468;2,42
245;E3;10;0,227;0,207;0,212;0,214
245;E3;20;0,289;0,271;0,275;0,274
245;E3;30;0,331;0,316;0,314;0,317
245;E3;40;0,377;0,37;0,373;0,383
245;E3;50;0,448;0,436;0,441;0,446
245;E3;60;0,518;0,511;0,511;0,512
245;E3;70;0,496;0,49;0,489;0,491
245;E3;80;0,592;0,581;0,583;0,584
245;E3;90;0,644;0,637;0,638;0,64
245;E3;100;0,713;0,707;0,709;0,714
245;E4;10;0,488;0,481;0,487;0,49
245;E4;20;0,505;0,496;0,503;0,507
245;E4;30;0,522;0,52;0,521;0,529
245;E4;40;0,496;0,495;0,499;0,515
245;E4;50;0,506;0,505;0,511;0,522
245;E4;60;0,525;0,526;0,529;0,539
245;E4;70;0,541;0,54;0,545;0,555
245;E4;80;0,568;0,562;0,566;0,575
245;E4;90;0,622;0,623;0,624;0,634
245;E4;100;0,64;0,635;0,637;0,651
245;E5;10;0,391;0,358;0,354;0,372
245;E5;20;0,647;0,606;0,597;0,619
245;E5;30;0,685;0,651;0,639;0,658
245;E5;40;0,815;0,78;0,781;0,803
245;E5;50;0,817;0,791;0,794;0,798
245;E5;60;0,797;0,777;0,774;0,778
245;E5;70;0,84;0,826;0,824;0,829
245;E5;80;0,833;0,807;0,806;0,808
245;E5;90;0,776;0,758;0,756;0,758
245;E5;100;0,786;0,763;0,76;0,765
